Nhẹ	Tối thiểu	Trung bình 	Bình thường	Nặng	
75 (25.77319588%)	89 (30.58419244%)	49 (16.83848797%)	51 (17.5257732%)	27 (9.278350515%)	
	